frame_no,joint_name,x_cm,y_cm,z_cm
1,left_elbow,122.45,93.81,-32.55
2,left_elbow,121.99,93.25,-54.75
3,left_elbow,121.65,93.14,-55.99
4,left_elbow,121.51,93.03,-61.17
5,left_elbow,121.47,92.73,-58.5
6,left_elbow,121.42,92.56,-54.59
7,left_elbow,121.43,92.13,-50.26
8,left_elbow,121.82,90.75,-46.09
9,left_elbow,122.14,90.42,-44.54
10,left_elbow,123.4,89.4,-53.62
11,left_elbow,125.45,88.18,-56.22
12,left_elbow,126.29,87.74,-56.69
13,left_elbow,126.59,87.48,-56.83
14,left_elbow,127.31,87.31,-55.45
15,left_elbow,127.62,87.23,-55.21
16,left_elbow,129.38,83.31,-47.73
17,left_elbow,129.61,78.0,-42.04
18,left_elbow,129.68,76.83,-42.66
19,left_elbow,130.28,73.83,-27.6
20,left_elbow,132.42,72.39,-46.2
21,left_elbow,133.04,71.98,-49.58
22,left_elbow,133.22,71.87,-52.02
23,left_elbow,133.13,70.68,-43.34
24,left_elbow,133.87,69.61,-40.61
25,left_elbow,134.12,69.26,-39.87
26,left_elbow,133.79,67.42,-22.91
27,left_elbow,134.77,65.36,-24.92
28,left_elbow,135.02,64.67,-25.76
29,left_elbow,135.13,61.97,-29.3
30,left_elbow,134.77,59.74,-27.75
31,left_elbow,134.58,59.18,-28.53
32,left_elbow,134.48,57.79,-34.25
33,left_elbow,134.42,57.33,-36.53
34,left_elbow,134.39,57.3,-36.18
35,left_elbow,133.3,57.36,-35.99
36,left_elbow,132.46,57.33,-36.01
37,left_elbow,131.77,57.21,-36.18
38,left_elbow,133.0,57.56,-44.46
39,left_elbow,133.51,57.78,-45.18
40,left_elbow,132.09,57.71,-43.97
41,left_elbow,131.55,57.15,-40.85
42,left_elbow,131.23,56.93,-38.48
43,left_elbow,131.18,57.0,-36.89
44,left_elbow,130.87,57.05,-33.39
45,left_elbow,130.9,57.12,-33.21
46,left_elbow,134.49,59.52,-46.58
47,left_elbow,133.81,60.94,-43.91
48,left_elbow,133.45,61.62,-43.04
49,left_elbow,133.21,63.7,-43.18
50,left_elbow,131.94,67.82,-39.04
51,left_elbow,131.35,69.03,-38.27
52,left_elbow,130.97,69.38,-37.53
53,left_elbow,130.22,69.97,-33.98
54,left_elbow,129.7,70.56,-50.23
55,left_elbow,129.53,70.96,-52.13
56,left_elbow,128.66,70.44,-26.24
57,left_elbow,128.35,70.23,-22.81
58,left_elbow,128.44,70.25,-28.4
59,left_elbow,128.46,70.49,-29.71
60,left_elbow,128.59,70.61,-30.68
61,left_elbow,129.03,70.75,-38.14
62,left_elbow,129.32,70.87,-41.12
63,left_elbow,129.35,70.82,-39.94
64,left_elbow,129.01,70.48,-39.84
65,left_elbow,128.95,70.45,-26.38
66,left_elbow,128.85,70.43,-25.2
67,left_elbow,128.76,70.42,-25.67
68,left_elbow,128.96,71.11,-39.73
69,left_elbow,128.72,72.45,-44.52
70,left_elbow,128.51,72.89,-44.62
71,left_elbow,128.35,75.9,-53.15
72,left_elbow,128.26,76.99,-53.9
73,left_elbow,128.2,77.24,-55.12
74,left_elbow,127.56,77.17,-54.33
75,left_elbow,127.21,77.13,-52.49
76,left_elbow,126.52,80.15,-55.19
77,left_elbow,126.16,80.94,-54.51
78,left_elbow,124.8,81.36,-52.69
79,left_elbow,123.95,81.88,-46.56
80,left_elbow,122.88,81.45,-58.58
81,left_elbow,122.46,81.32,-58.09
82,left_elbow,122.6,82.0,-59.0
83,left_elbow,122.7,82.22,-60.16
84,left_elbow,122.77,83.9,-58.65
85,left_elbow,122.82,84.45,-57.75
86,left_elbow,122.95,84.43,-68.56
87,left_elbow,123.18,84.31,-67.06
88,left_elbow,123.42,84.15,-68.38
89,left_elbow,125.56,84.05,-76.14
90,left_elbow,126.06,83.86,-72.19
91,left_elbow,126.32,83.8,-70.03
92,left_elbow,126.55,83.66,-70.52
93,left_elbow,126.67,83.63,-71.33
94,left_elbow,127.07,83.64,-73.71
95,left_elbow,127.18,83.52,-70.39
96,left_elbow,127.3,83.43,-67.22
97,left_elbow,127.45,83.37,-44.5
98,left_elbow,127.58,83.33,-43.45
99,left_elbow,127.59,83.2,-36.72
100,left_elbow,127.84,83.01,-61.41
101,left_elbow,127.85,83.15,-51.59
102,left_elbow,127.86,83.22,-52.16
103,left_elbow,127.86,83.3,-52.46
104,left_elbow,127.85,83.3,-52.84
105,left_elbow,127.84,83.29,-52.98
106,left_elbow,127.81,83.29,-52.44
107,left_elbow,127.79,83.29,-52.3
108,left_elbow,127.79,83.44,-56.24
109,left_elbow,127.78,83.56,-56.03
110,left_elbow,127.19,82.91,-53.42
111,left_elbow,126.84,82.48,-52.38
112,left_elbow,126.62,82.22,-51.74
113,left_elbow,126.86,81.86,-51.63
114,left_elbow,127.0,81.58,-50.77
115,left_elbow,127.12,81.48,-50.46
116,left_elbow,127.21,81.43,-49.61
117,left_elbow,127.2,78.68,-57.52
118,left_elbow,127.2,77.59,-59.59
119,left_elbow,127.2,77.07,-60.97
120,left_elbow,128.11,74.77,-52.05
121,left_elbow,128.59,73.98,-51.73
122,left_elbow,130.32,72.45,-57.0
123,left_elbow,130.95,72.05,-58.36
124,left_elbow,131.26,71.84,-60.08
125,left_elbow,131.99,67.87,-52.36
126,left_elbow,132.18,63.09,-40.87
127,left_elbow,132.42,61.76,-38.67
128,left_elbow,132.71,61.53,-39.1
129,left_elbow,134.97,60.77,-54.27
130,left_elbow,136.01,60.64,-59.44
131,left_elbow,135.85,58.45,-47.91
132,left_elbow,135.75,57.53,-44.54
133,left_elbow,135.71,57.26,-44.74
134,left_elbow,136.86,56.47,-42.15
135,left_elbow,137.41,56.35,-43.0
136,left_elbow,137.66,56.37,-43.76
137,left_elbow,137.88,56.35,-46.46
138,left_elbow,137.76,53.62,-46.48
139,left_elbow,137.72,52.8,-46.56
140,left_elbow,137.63,52.48,-46.52
141,left_elbow,137.5,52.02,-44.75
142,left_elbow,137.38,51.85,-43.22
143,left_elbow,137.29,51.17,-44.88
144,left_elbow,137.32,50.94,-46.09
145,left_elbow,137.34,50.81,-46.5
146,left_elbow,137.33,50.75,-46.57
147,left_elbow,135.57,50.82,-49.77
148,left_elbow,134.49,50.78,-49.5
149,left_elbow,134.1,50.74,-49.81
150,left_elbow,135.15,51.5,-38.3
151,left_elbow,135.2,51.83,-33.07
152,left_elbow,133.61,52.63,-36.91
153,left_elbow,132.84,53.0,-38.58
154,left_elbow,132.64,53.18,-38.9
155,left_elbow,131.17,55.62,-11.77
156,left_elbow,130.62,56.64,-8.48
157,left_elbow,130.4,57.13,-7.11
158,left_elbow,130.38,57.33,-7.97
159,left_elbow,129.67,57.41,-14.89
160,left_elbow,129.33,57.51,-16.84
161,left_elbow,129.21,57.56,-17.51
162,left_elbow,128.52,59.72,-21.55
163,left_elbow,128.48,60.49,-22.64
164,left_elbow,125.47,63.72,12.6
165,left_elbow,124.61,64.7,15.47
166,left_elbow,124.31,65.09,15.52
167,left_elbow,124.35,67.87,-3.59
168,left_elbow,124.77,71.93,-3.24
169,left_elbow,125.02,72.88,-2.19
170,left_elbow,125.15,73.06,-1.1
171,left_elbow,125.26,73.33,-13.91
172,left_elbow,125.33,73.4,-16.61
173,left_elbow,125.4,73.85,-27.97
174,left_elbow,125.45,73.9,-30.27
175,left_elbow,125.48,73.91,-34.78
176,left_elbow,125.65,73.56,-10.21
177,left_elbow,125.66,69.44,-2.74
178,left_elbow,125.68,67.89,-0.86
179,left_elbow,125.69,67.2,-0.24
180,left_elbow,125.56,63.75,6.44
181,left_elbow,124.89,63.17,6.79
182,left_elbow,128.62,55.69,-19.51
183,left_elbow,129.22,54.7,-20.89
184,left_elbow,130.26,54.17,-19.55
185,left_elbow,131.47,53.56,-21.12
186,left_elbow,132.69,50.41,-35.73
187,left_elbow,132.81,49.58,-35.17
188,left_elbow,132.89,49.24,-37.47
189,left_elbow,133.71,47.78,-32.23
190,left_elbow,133.96,47.44,-30.99
191,left_elbow,134.06,47.35,-24.53
192,left_elbow,134.16,46.8,-20.33
193,left_elbow,134.17,46.59,-19.02
194,left_elbow,135.97,46.84,-33.66
195,left_elbow,136.41,46.82,-41.28
196,left_elbow,136.42,46.69,-40.52
197,left_elbow,136.24,46.54,-37.27
198,left_elbow,136.1,46.7,-22.64
199,left_elbow,135.9,46.81,-19.15
200,left_elbow,135.69,46.88,-17.28
201,left_elbow,135.24,46.91,-18.14
202,left_elbow,134.93,47.06,-22.65
203,left_elbow,134.67,47.17,-24.45
204,left_elbow,136.05,48.15,-43.35
205,left_elbow,136.54,48.72,-44.78
206,left_elbow,136.43,48.76,-30.63
207,left_elbow,136.41,48.86,-26.42
208,left_elbow,136.34,49.02,-23.57
209,left_elbow,136.29,49.09,-20.51
210,left_elbow,136.46,49.52,-22.18
211,left_elbow,136.57,49.8,-23.11
212,left_elbow,136.61,49.91,-23.22
213,left_elbow,135.88,49.9,-23.1
214,left_elbow,135.37,49.67,-17.37
215,left_elbow,135.0,49.5,-17.55
216,left_elbow,135.57,49.97,-32.03
217,left_elbow,136.2,50.33,-38.4
218,left_elbow,136.19,50.47,-35.31
219,left_elbow,136.18,50.58,-35.07
220,left_elbow,136.17,50.66,-34.88
221,left_elbow,136.16,50.7,-34.52
222,left_elbow,135.8,50.69,-35.79
223,left_elbow,135.68,50.69,-37.32
224,left_elbow,135.45,50.62,-36.67
225,left_elbow,136.39,52.69,-31.84
226,left_elbow,136.78,53.63,-28.49
227,left_elbow,136.76,53.86,-24.7
228,left_elbow,137.33,56.6,-46.02
229,left_elbow,137.44,57.22,-48.95
230,left_elbow,137.52,58.49,-35.09
231,left_elbow,137.56,58.92,-31.59
232,left_elbow,137.57,59.02,-30.68
233,left_elbow,137.6,59.09,-30.21
234,left_elbow,137.09,59.94,-32.62
235,left_elbow,136.81,60.31,-33.06
236,left_elbow,133.11,60.1,-7.98
237,left_elbow,130.95,61.09,0.38
238,left_elbow,130.38,61.49,-3.91
239,left_elbow,130.59,62.06,-6.34
240,left_elbow,130.53,62.36,-7.79
241,left_elbow,130.46,62.55,-5.81
242,left_elbow,130.32,62.71,-5.37
243,left_elbow,128.82,64.29,5.57
244,left_elbow,128.47,64.89,4.98
245,left_elbow,128.31,65.15,9.07
246,left_elbow,128.35,65.66,-3.1
247,left_elbow,128.34,65.97,-10.93
248,left_elbow,128.28,66.17,-9.83
249,left_elbow,127.21,66.35,18.72
250,left_elbow,126.76,66.46,20.64
251,left_elbow,126.94,66.6,-13.62
252,left_elbow,127.04,66.68,-16.56
253,left_elbow,127.11,66.71,-18.6
254,left_elbow,127.16,66.75,-19.28
255,left_elbow,127.65,66.73,-28.9
256,left_elbow,127.8,66.71,-33.94
257,left_elbow,127.96,66.68,-38.71
258,left_elbow,128.06,66.92,-43.53
259,left_elbow,128.16,67.04,-44.59
260,left_elbow,128.17,67.05,-38.47
261,left_elbow,128.17,67.12,-41.61
262,left_elbow,128.11,67.21,-40.69
263,left_elbow,127.76,67.61,-41.75
264,left_elbow,128.11,66.96,-41.46
265,left_elbow,128.25,66.59,-41.96
266,left_elbow,128.29,66.38,-42.46
267,left_elbow,128.52,66.38,-55.84
268,left_elbow,128.7,66.38,-54.45
269,left_elbow,128.88,66.37,-53.37
270,left_elbow,127.75,66.43,-50.63
271,left_elbow,127.05,66.47,-49.34
272,left_elbow,126.88,66.49,-48.7
273,left_elbow,127.29,66.4,-50.67
274,left_elbow,127.51,66.4,-39.94
275,left_elbow,127.88,66.43,-42.17
276,left_elbow,126.66,65.46,-14.64
277,left_elbow,126.18,65.16,-12.41
278,left_elbow,125.69,65.21,-17.96
279,left_elbow,126.58,64.9,-52.5
280,left_elbow,127.0,64.54,-45.73
281,left_elbow,127.27,64.43,-41.03
282,left_elbow,127.29,64.66,-42.93
283,left_elbow,127.29,64.84,-44.7
284,left_elbow,127.29,64.99,-44.76
285,left_elbow,127.27,65.97,-67.69
286,left_elbow,127.27,66.85,-66.56
287,left_elbow,127.34,67.3,-66.12
288,left_elbow,128.54,66.82,-66.35
289,left_elbow,129.06,66.56,-66.18
290,left_elbow,129.3,66.36,-64.6
291,left_elbow,129.44,65.97,-58.79
292,left_elbow,129.53,65.71,-55.68
293,left_elbow,129.58,65.56,-54.3
294,left_elbow,129.56,65.43,-55.74
295,left_elbow,129.56,65.34,-55.05
296,left_elbow,129.58,65.28,-54.53
297,left_elbow,129.82,65.17,-35.08
298,left_elbow,130.0,65.1,-34.08
299,left_elbow,130.13,65.05,-34.36
300,left_elbow,130.4,65.12,-38.08
301,left_elbow,130.59,65.16,-38.35
302,left_elbow,130.77,65.17,-39.89
303,left_elbow,130.91,65.17,-40.62
304,left_elbow,130.97,65.17,-36.65
305,left_elbow,130.98,65.17,-33.18
306,left_elbow,130.87,65.42,-32.97
307,left_elbow,130.8,65.6,-34.09
308,left_elbow,130.74,65.74,-34.55
309,left_elbow,130.77,65.7,-34.76
310,left_elbow,130.79,65.67,-33.18
311,left_elbow,130.79,65.65,-32.72
312,left_elbow,131.04,65.5,-33.8
313,left_elbow,131.2,65.4,-33.91
314,left_elbow,131.33,65.35,-35.01
315,left_elbow,131.55,65.39,-52.09
316,left_elbow,131.72,65.4,-54.99
317,left_elbow,131.85,65.4,-55.64
318,left_elbow,131.61,65.47,-39.46
319,left_elbow,131.43,65.5,-32.24
320,left_elbow,131.32,65.52,-32.9
321,left_elbow,131.06,64.99,-29.15
322,left_elbow,130.82,64.87,-27.3
323,left_elbow,130.69,64.86,-26.26
324,left_elbow,130.41,64.89,-28.95
325,left_elbow,130.24,64.91,-29.44
326,left_elbow,130.12,64.91,-29.5
327,left_elbow,130.32,65.15,-55.38
328,left_elbow,130.43,65.32,-57.48
329,left_elbow,130.49,65.42,-57.68
330,left_elbow,130.21,65.47,-21.92
331,left_elbow,130.02,65.49,-16.54
332,left_elbow,129.88,65.5,-15.83
333,left_elbow,129.89,65.49,-10.73
334,left_elbow,129.89,65.48,-7.29
335,left_elbow,129.89,65.46,-5.89
336,left_elbow,129.93,65.5,-44.75
337,left_elbow,130.01,65.52,-48.14
338,left_elbow,130.07,65.54,-48.38
339,left_elbow,129.88,66.54,-43.62
340,left_elbow,129.71,67.17,-45.99
341,left_elbow,129.61,67.54,-44.05
342,left_elbow,128.76,68.0,-45.56
343,left_elbow,128.51,68.22,-48.14
344,left_elbow,128.49,68.3,-52.09
345,left_elbow,125.79,69.55,-58.01
346,left_elbow,124.96,69.8,-63.45
347,left_elbow,124.59,69.96,-61.63
348,left_elbow,123.85,70.95,-57.6
349,left_elbow,123.39,71.13,-54.59
350,left_elbow,123.19,71.1,-51.02
351,left_elbow,122.59,71.81,-31.31
352,left_elbow,122.48,71.92,-29.89
353,left_elbow,122.39,71.91,-24.99
354,left_elbow,121.71,72.28,-26.1
355,left_elbow,121.17,72.49,-32.35
356,left_elbow,121.06,72.49,-34.44
357,left_elbow,121.25,72.45,-35.91
358,left_elbow,121.36,72.48,-36.31
359,left_elbow,121.39,72.45,-35.9
360,left_elbow,122.46,72.59,-36.35
361,left_elbow,123.17,72.65,-36.63
362,left_elbow,123.63,72.71,-36.73
363,left_elbow,125.61,72.72,-39.69
364,left_elbow,126.55,72.85,-39.34
365,left_elbow,126.8,73.04,-38.53
366,left_elbow,129.15,73.04,-39.06
367,left_elbow,129.73,73.17,-36.9
368,left_elbow,130.01,73.27,-29.46
369,left_elbow,132.69,71.56,-54.27
370,left_elbow,133.41,71.26,-55.87
371,left_elbow,133.21,71.31,-51.46
372,left_elbow,133.65,70.05,-53.62
373,left_elbow,134.06,69.13,-50.98
374,left_elbow,134.15,68.96,-46.28
375,left_elbow,135.35,68.35,-38.09
376,left_elbow,135.58,68.03,-34.19
377,left_elbow,135.57,68.14,-36.17
378,left_elbow,137.36,68.24,-85.45
379,left_elbow,138.07,68.17,-78.14
380,left_elbow,138.31,68.07,-72.71
381,left_elbow,139.4,67.89,-125.34
382,left_elbow,139.44,67.93,-95.36
383,left_elbow,139.3,67.95,-128.59
384,left_elbow,140.78,68.12,-102.41
385,left_elbow,141.0,68.37,-93.35
386,left_elbow,142.03,68.4,-96.47
387,left_elbow,140.88,70.83,-95.6
388,left_elbow,140.22,72.18,-93.27
389,left_elbow,139.86,72.88,-91.93
390,left_elbow,136.44,77.2,-83.89
391,left_elbow,134.85,78.22,-76.76
392,left_elbow,133.82,77.73,-77.06
393,left_elbow,132.34,78.19,-67.96
394,left_elbow,131.78,78.46,-65.54
395,left_elbow,131.29,79.05,-68.3
396,left_elbow,129.73,78.61,-64.06
397,left_elbow,129.83,78.29,-63.84
398,left_elbow,129.62,78.18,-65.8
399,left_elbow,128.62,78.09,-52.21
400,left_elbow,128.58,77.74,-53.06
401,left_elbow,128.67,77.66,-51.9
402,left_elbow,127.85,76.86,-42.31
403,left_elbow,127.72,76.57,-43.61
404,left_elbow,127.73,76.45,-45.85
405,left_elbow,127.3,76.44,-43.27
406,left_elbow,127.11,76.42,-42.75
407,left_elbow,127.15,76.35,-42.69
408,left_elbow,127.01,76.67,-42.9
409,left_elbow,127.0,77.08,-43.58
410,left_elbow,127.03,77.24,-43.96
411,left_elbow,126.87,77.35,-54.49
412,left_elbow,126.87,77.34,-57.27
413,left_elbow,126.89,77.33,-57.52
414,left_elbow,126.9,77.33,-58.0
415,left_elbow,126.9,77.34,-57.77
416,left_elbow,126.91,77.33,-54.71
417,left_elbow,126.91,77.26,-54.42
418,left_elbow,126.87,77.05,-50.78
419,left_elbow,126.75,77.05,-49.91
420,left_elbow,126.43,77.13,-58.18
421,left_elbow,126.33,77.66,-63.88
422,left_elbow,126.27,77.7,-60.07
423,left_elbow,126.28,78.36,-59.5
424,left_elbow,126.31,78.6,-61.02
425,left_elbow,126.45,78.65,-62.16
426,left_elbow,126.46,78.77,-73.06
427,left_elbow,126.46,78.86,-79.27
428,left_elbow,126.46,78.98,-77.17
429,left_elbow,126.57,79.18,-84.77
430,left_elbow,126.59,79.19,-85.62
431,left_elbow,126.62,79.19,-85.58
432,left_elbow,126.68,79.14,-90.47
433,left_elbow,126.87,79.08,-100.74
434,left_elbow,127.11,79.06,-96.24
435,left_elbow,127.25,79.25,-96.81
436,left_elbow,127.32,79.32,-95.44
437,left_elbow,127.43,79.35,-93.1
438,left_elbow,127.55,79.49,-85.77
439,left_elbow,127.84,79.86,-92.98
440,left_elbow,128.08,80.15,-94.71
441,left_elbow,128.16,81.01,-94.98
442,left_elbow,128.23,81.44,-95.96
443,left_elbow,128.28,81.59,-97.34
444,left_elbow,128.23,81.45,-78.08
445,left_elbow,128.23,81.42,-77.49
446,left_elbow,128.23,81.46,-78.55
447,left_elbow,128.14,80.69,-76.7
448,left_elbow,128.0,80.2,-76.68
449,left_elbow,127.89,79.88,-77.08
450,left_elbow,127.54,75.13,-83.46
451,left_elbow,127.26,73.62,-85.4
452,left_elbow,127.04,72.84,-86.89
453,left_elbow,125.13,68.46,-85.74
454,left_elbow,124.35,67.36,-85.53
455,left_elbow,123.89,67.04,-85.38
456,left_elbow,128.31,60.1,-18.68
457,left_elbow,129.28,58.72,-20.9
458,left_elbow,129.89,58.23,-23.64
459,left_elbow,129.75,56.51,-54.57
460,left_elbow,129.74,56.36,-66.4
461,left_elbow,129.89,56.52,-67.18
462,left_elbow,127.86,51.69,-67.31
463,left_elbow,127.73,50.79,-76.06
464,left_elbow,127.73,50.98,-77.9
465,left_elbow,128.96,49.43,-74.51
466,left_elbow,129.63,48.78,-74.47
467,left_elbow,130.05,48.66,-79.35
468,left_elbow,130.6,48.51,-77.5
469,left_elbow,130.84,48.5,-76.96
470,left_elbow,130.95,48.5,-73.23
471,left_elbow,131.45,48.69,-68.6
472,left_elbow,131.96,48.78,-66.61
473,left_elbow,132.35,48.72,-64.44
474,left_elbow,132.25,49.5,-60.55
475,left_elbow,132.17,50.03,-57.43
476,left_elbow,132.12,50.37,-58.99
477,left_elbow,132.17,56.01,-77.6
478,left_elbow,132.23,58.81,-83.67
479,left_elbow,132.28,59.62,-80.57
480,left_elbow,141.49,61.69,-93.02
481,left_elbow,142.66,62.0,-89.45
482,left_elbow,141.51,62.11,-73.89
483,left_elbow,132.38,66.43,-83.91
484,left_elbow,130.14,66.82,-89.83
485,left_elbow,129.31,66.69,-91.5
486,left_elbow,134.85,76.59,-98.72
487,left_elbow,136.53,80.55,-100.17
488,left_elbow,137.86,82.2,-104.42
489,left_elbow,141.36,80.06,-136.54
490,left_elbow,140.59,76.44,-138.8
491,left_elbow,140.04,74.38,-141.69
492,left_elbow,138.85,78.53,-147.76
493,left_elbow,137.8,79.62,-150.66
494,left_elbow,137.32,80.19,-150.06
495,left_elbow,139.33,79.58,-161.8
496,left_elbow,139.2,80.33,-148.79
497,left_elbow,139.16,79.76,-146.66
498,left_elbow,139.13,76.01,-151.92
499,left_elbow,140.74,73.25,-131.61
500,left_elbow,140.61,73.43,-131.93
501,left_elbow,132.75,73.46,-35.39
502,left_elbow,127.27,72.83,-20.28
503,left_elbow,127.93,75.99,-19.24
504,left_elbow,137.14,79.36,-217.22
505,left_elbow,144.91,86.33,-205.75
506,left_elbow,146.84,88.01,-213.54
507,left_elbow,144.86,90.9,-186.14
508,left_elbow,144.77,91.4,-204.3
509,left_elbow,143.97,93.62,-190.01
510,left_elbow,144.46,90.95,-176.98
511,left_elbow,146.21,89.76,-186.47
512,left_elbow,146.65,89.36,-189.64
513,left_elbow,143.46,76.36,-186.34
514,left_elbow,142.35,73.39,-195.27
515,left_elbow,143.52,75.34,-192.94
516,left_elbow,142.84,76.28,-214.11
517,left_elbow,142.48,76.92,-218.26
518,left_elbow,142.2,77.34,-218.92
519,left_elbow,145.57,85.92,-217.86
520,left_elbow,145.9,88.27,-212.17
521,left_elbow,145.77,90.25,-209.33
522,left_elbow,151.92,90.81,-265.15
523,left_elbow,153.48,89.78,-261.05
524,left_elbow,154.85,89.32,-266.25
525,left_elbow,153.55,88.09,-272.34
526,left_elbow,153.24,87.7,-271.49
527,left_elbow,153.01,87.52,-270.11
528,left_elbow,148.71,88.69,-214.24
529,left_elbow,147.29,88.51,-211.44
530,left_elbow,147.19,88.34,-222.3
531,left_elbow,147.54,90.45,-222.32
532,left_elbow,147.63,90.79,-201.98
533,left_elbow,147.66,91.71,-207.34
534,left_elbow,143.16,98.31,-126.92
535,left_elbow,143.6,100.9,-156.36
536,left_elbow,143.71,103.59,-165.15
537,left_elbow,141.87,101.21,-152.92
538,left_elbow,141.94,99.7,-162.37
539,left_elbow,142.06,99.59,-162.38
540,left_elbow,144.31,95.51,-184.74
541,left_elbow,145.31,92.98,-186.16
542,left_elbow,145.84,92.28,-190.99
543,left_elbow,145.86,96.44,-168.93
544,left_elbow,145.91,97.78,-159.44
545,left_elbow,147.65,97.53,-157.48
546,left_elbow,150.37,97.32,-205.55
547,left_elbow,150.81,99.18,-210.35
548,left_elbow,150.6,98.79,-224.59
549,left_elbow,150.13,92.78,-206.95
550,left_elbow,146.73,81.53,-202.88
551,left_elbow,145.17,78.44,-200.32
552,left_elbow,151.18,78.73,-236.77
553,left_elbow,152.92,79.35,-240.91
554,left_elbow,153.89,80.22,-243.54
555,left_elbow,154.17,87.04,-195.23
556,left_elbow,153.89,91.73,-199.37
557,left_elbow,154.29,93.18,-202.28
558,left_elbow,154.04,97.28,-235.62
559,left_elbow,153.3,98.64,-233.53
560,left_elbow,152.69,98.55,-229.17
561,left_elbow,149.73,97.86,-151.34
562,left_elbow,150.55,94.18,-162.34
563,left_elbow,151.83,91.84,-160.81
564,left_elbow,159.18,89.42,-177.54
565,left_elbow,163.32,81.11,-180.26
566,left_elbow,161.25,81.57,-183.33
567,left_elbow,159.68,90.75,-163.3
568,left_elbow,157.14,93.49,-158.2
569,left_elbow,155.48,94.7,-155.17
570,left_elbow,157.59,93.6,-218.05
571,left_elbow,158.82,93.07,-232.26
572,left_elbow,159.73,92.93,-232.43
573,left_elbow,153.01,92.55,-243.04
574,left_elbow,151.69,91.39,-246.37
575,left_elbow,152.02,90.54,-249.47
576,left_elbow,138.25,69.09,-150.07
577,left_elbow,136.06,68.42,-119.64
578,left_elbow,136.23,68.3,-163.9
579,left_elbow,117.16,52.19,-4.44
580,left_elbow,113.55,45.4,-27.83
581,left_elbow,120.75,38.86,-26.98
582,left_elbow,119.78,46.53,-32.84
583,left_elbow,118.22,45.74,-36.48
584,left_elbow,120.76,28.29,-46.24
585,left_elbow,109.92,32.0,-21.95
586,left_elbow,110.35,41.04,-24.49
587,left_elbow,112.81,32.51,-46.45
588,left_elbow,115.31,17.82,-48.8
589,left_elbow,122.48,13.3,-51.67
590,left_elbow,124.84,12.8,-63.59
591,left_elbow,124.99,21.26,-47.72
592,left_elbow,125.01,24.44,-44.05
593,left_elbow,124.77,26.05,-39.57
594,left_elbow,110.4,56.14,-23.35
595,left_elbow,110.17,58.12,-26.16
596,left_elbow,110.11,53.61,-27.78
597,left_elbow,106.41,60.29,-29.64
598,left_elbow,106.36,61.92,-30.7
599,left_elbow,106.73,62.65,-29.92
600,left_elbow,106.98,64.48,-27.61
601,left_elbow,106.29,68.98,-28.34
602,left_elbow,106.65,69.66,-28.8
603,left_elbow,106.61,66.89,-28.84
604,left_elbow,106.43,67.25,-28.74
605,left_elbow,106.06,67.67,-30.15
606,left_elbow,105.92,69.16,-19.63
607,left_elbow,106.01,69.87,-20.35
608,left_elbow,105.98,70.36,-22.1
609,left_elbow,107.32,69.59,-26.76
610,left_elbow,107.33,67.82,-29.28
611,left_elbow,107.49,67.39,-30.92
612,left_elbow,110.0,66.2,-32.37
613,left_elbow,110.94,64.93,-33.05
614,left_elbow,109.21,60.91,-24.45
615,left_elbow,109.59,62.76,-7.22
616,left_elbow,109.82,64.1,-4.48
617,left_elbow,110.76,64.25,-5.16
618,left_elbow,108.43,74.09,-12.81
619,left_elbow,107.5,76.25,-16.2
620,left_elbow,107.12,76.8,-16.52
621,left_elbow,107.21,75.27,-16.96
622,left_elbow,107.26,74.43,-17.16
623,left_elbow,107.29,73.93,-18.65
624,left_elbow,111.73,69.49,-17.67
625,left_elbow,112.99,68.25,-15.18
626,left_elbow,113.45,67.79,-14.19
627,left_elbow,110.71,67.46,-11.41
628,left_elbow,107.25,69.67,-12.0
629,left_elbow,106.01,70.84,-12.55
630,left_elbow,110.32,70.79,-16.17
631,left_elbow,113.63,70.45,-17.62
632,left_elbow,114.99,69.86,-19.34
633,left_elbow,114.28,67.17,-19.23
634,left_elbow,113.87,65.91,-18.69
635,left_elbow,113.63,65.71,-18.18
636,left_elbow,113.19,63.26,-11.91
637,left_elbow,113.1,62.44,-12.2
638,left_elbow,113.08,62.08,-12.31
639,left_elbow,114.76,57.34,-13.99
640,left_elbow,115.23,56.24,-14.99
641,left_elbow,111.41,58.96,-14.15
642,left_elbow,111.45,59.48,-3.03
643,left_elbow,111.47,59.98,-1.63
644,left_elbow,111.48,60.23,-1.16
645,left_elbow,111.59,59.14,7.05
646,left_elbow,111.71,58.62,11.06
647,left_elbow,111.96,58.3,13.0
648,left_elbow,111.82,57.39,12.76
649,left_elbow,111.74,56.91,6.9
650,left_elbow,111.7,56.78,4.53
651,left_elbow,111.75,57.0,13.52
652,left_elbow,112.76,60.55,10.86
653,left_elbow,112.33,61.01,11.2
654,left_elbow,112.32,53.81,14.14
655,left_elbow,112.32,51.55,13.73
656,left_elbow,112.32,52.34,11.76
657,left_elbow,111.69,51.1,18.84
658,left_elbow,111.69,51.58,33.25
659,left_elbow,111.73,52.15,30.39
660,left_elbow,114.66,52.21,9.06
661,left_elbow,115.63,52.34,-10.33
662,left_elbow,115.9,53.3,-3.74
663,left_elbow,118.87,56.22,-31.41
664,left_elbow,120.24,57.74,-27.44
665,left_elbow,120.83,59.83,-21.16
666,left_elbow,122.57,64.32,-76.75
667,left_elbow,123.2,65.78,-76.13
668,left_elbow,123.31,66.09,-73.71
669,left_elbow,123.36,66.15,-73.45
670,left_elbow,124.22,66.86,-70.26
671,left_elbow,124.45,67.29,-68.85
672,left_elbow,126.06,69.59,-78.79
673,left_elbow,126.7,70.42,-80.57
674,left_elbow,126.99,70.71,-82.23
675,left_elbow,127.49,71.44,-88.64
676,left_elbow,127.33,71.92,-89.4
677,left_elbow,127.21,72.2,-94.2
678,left_elbow,128.32,73.71,-98.31
679,left_elbow,128.6,75.81,-100.72
680,left_elbow,128.8,76.65,-105.64
681,left_elbow,128.64,79.12,-101.57
682,left_elbow,128.52,79.8,-101.68
683,left_elbow,128.44,80.69,-105.06
684,left_elbow,128.38,79.89,-98.73
685,left_elbow,128.37,79.42,-97.76
686,left_elbow,128.35,79.11,-97.2
687,left_elbow,128.16,79.08,-98.92
688,left_elbow,128.05,79.01,-99.65
689,left_elbow,127.98,78.95,-99.3
690,left_elbow,127.94,78.86,-99.07
691,left_elbow,126.01,78.41,-93.93
692,left_elbow,125.12,77.86,-90.5
693,left_elbow,124.86,77.61,-97.04
694,left_elbow,124.58,77.35,-96.05
695,left_elbow,124.31,77.21,-93.53
696,left_elbow,123.2,77.17,-69.33
697,left_elbow,122.66,77.14,-70.12
698,left_elbow,122.47,77.13,-71.23
699,left_elbow,122.17,76.93,-81.24
700,left_elbow,121.56,76.65,-80.98
701,left_elbow,121.46,76.65,-98.5
702,left_elbow,121.2,76.87,-83.16
703,left_elbow,121.12,77.1,-83.5
704,left_elbow,120.99,77.11,-90.35
705,left_elbow,120.65,77.17,-92.96
706,left_elbow,120.67,77.16,-95.73
707,left_elbow,120.71,77.16,-94.15
708,left_elbow,120.55,77.2,-93.4
709,left_elbow,120.5,77.2,-93.08
710,left_elbow,120.44,77.23,-93.53
711,left_elbow,120.45,77.18,-101.22
712,left_elbow,120.07,77.28,-94.25
713,left_elbow,119.9,77.29,-93.62
714,left_elbow,119.87,76.92,-85.45
715,left_elbow,119.7,76.54,-86.78
716,left_elbow,119.61,76.35,-90.9
717,left_elbow,119.43,76.36,-101.68
718,left_elbow,119.26,76.36,-101.25
719,left_elbow,119.19,76.34,-99.83
720,left_elbow,119.19,76.38,-75.57
721,left_elbow,119.13,76.26,-33.31
722,left_elbow,119.09,76.07,-35.04
723,left_elbow,119.01,75.96,-89.1
724,left_elbow,118.98,75.85,-97.81
725,left_elbow,118.98,75.82,-101.48
726,left_elbow,119.0,76.22,-94.95
727,left_elbow,119.06,76.49,-92.97
728,left_elbow,118.78,76.47,-45.05
729,left_elbow,118.68,76.44,-59.72
730,left_elbow,118.69,76.44,-87.45
731,left_elbow,118.69,75.85,-41.8
732,left_elbow,118.7,75.79,-77.68
733,left_elbow,118.71,75.73,-83.3
734,left_elbow,118.55,75.73,-103.26
735,left_elbow,118.41,75.68,-107.47
736,left_elbow,117.96,75.74,-97.28
737,left_elbow,117.95,75.74,-99.31
738,left_elbow,117.78,76.13,-97.73
739,left_elbow,117.71,76.6,-97.33
740,left_elbow,117.8,78.29,-99.29
741,left_elbow,117.89,79.15,-101.29
742,left_elbow,117.88,79.05,-99.56
743,left_elbow,117.87,78.97,-98.78
744,left_elbow,117.87,79.01,-98.85
745,left_elbow,117.87,79.02,-99.42
746,left_elbow,117.87,79.26,-100.49
747,left_elbow,117.9,79.3,-102.64
748,left_elbow,117.98,79.14,-102.03
749,left_elbow,118.07,79.04,-101.55
750,left_elbow,118.15,79.01,-102.61
751,left_elbow,118.11,78.98,-103.31
752,left_elbow,118.09,78.95,-103.89
753,left_elbow,117.81,78.73,-104.36
754,left_elbow,117.67,78.58,-104.74
755,left_elbow,117.57,78.44,-104.61
756,left_elbow,117.57,78.43,-110.99
757,left_elbow,117.61,78.28,-107.93
758,left_elbow,117.64,78.16,-106.22
759,left_elbow,117.63,78.07,-101.97
760,left_elbow,117.63,78.05,-100.93
761,left_elbow,117.63,78.03,-100.81
762,left_elbow,117.64,78.02,-108.32
763,left_elbow,117.64,78.14,-98.52
764,left_elbow,117.64,78.17,-91.53
765,left_elbow,117.64,78.18,-87.04
766,left_elbow,117.64,78.11,-89.99
767,left_elbow,117.63,78.05,-90.99
768,left_elbow,117.61,77.07,-96.09
769,left_elbow,117.61,76.66,-98.54
770,left_elbow,117.61,76.46,-98.51
771,left_elbow,117.45,75.77,-89.67
772,left_elbow,117.45,75.66,-89.24
773,left_elbow,117.45,75.56,-89.75
774,left_elbow,117.44,75.48,-90.06
775,left_elbow,117.7,75.16,-93.56
776,left_elbow,118.06,74.78,-94.39
777,left_elbow,118.25,74.68,-91.89
778,left_elbow,118.37,74.62,-90.33
779,left_elbow,118.45,74.58,-89.53
780,left_elbow,118.51,74.55,-89.04
781,left_elbow,118.39,74.55,-89.28
782,left_elbow,118.28,74.55,-89.79
783,left_elbow,118.17,74.55,-89.95
784,left_elbow,118.07,74.62,-84.23
785,left_elbow,118.0,74.66,-83.16
786,left_elbow,117.94,74.69,-82.84
787,left_elbow,117.63,74.73,-99.99
788,left_elbow,117.42,74.75,-106.15
789,left_elbow,117.12,75.11,-76.6
790,left_elbow,116.9,75.61,-74.43
791,left_elbow,116.7,75.78,-69.55
792,left_elbow,116.48,75.88,-64.54
793,left_elbow,116.27,76.29,-28.67
794,left_elbow,116.12,76.43,-26.29
795,left_elbow,116.01,76.56,-24.96
796,left_elbow,116.57,76.64,-24.01
797,left_elbow,116.87,76.74,-23.82
798,left_elbow,117.11,76.9,-23.29
799,left_elbow,117.89,77.3,-16.94
800,left_elbow,118.29,77.56,-16.05
801,left_elbow,119.54,78.02,-23.55
802,left_elbow,120.0,78.33,-25.85
803,left_elbow,120.2,78.62,-26.5
804,left_elbow,120.29,78.85,-26.48
805,left_elbow,120.24,79.99,-10.76
806,left_elbow,120.21,80.43,-9.77
807,left_elbow,120.2,80.67,-9.76
808,left_elbow,120.13,81.22,-8.93
809,left_elbow,120.07,81.46,-9.76
810,left_elbow,120.02,81.55,-10.16
811,left_elbow,119.99,83.42,-10.8
812,left_elbow,119.97,84.09,-12.03
813,left_elbow,119.95,84.83,-12.78
814,left_elbow,119.81,85.16,-14.05
815,left_elbow,119.74,85.64,-16.32
816,left_elbow,119.68,85.89,-18.17
817,left_elbow,119.83,85.8,-19.21
818,left_elbow,119.91,85.71,-19.38
819,left_elbow,119.94,85.53,-19.36
820,left_elbow,119.93,83.83,-31.21
821,left_elbow,119.93,82.83,-33.77
822,left_elbow,119.92,82.36,-33.95
823,left_elbow,119.91,81.39,-53.59
824,left_elbow,119.91,80.98,-50.36
825,left_elbow,119.99,81.47,-71.04
826,left_elbow,120.11,81.93,-71.55
827,left_elbow,120.24,82.2,-72.0
828,left_elbow,120.33,82.5,-70.92
829,left_elbow,120.3,82.72,-63.8
830,left_elbow,120.29,82.85,-61.29
831,left_elbow,120.28,82.94,-60.1
832,left_elbow,120.41,83.11,-59.47
833,left_elbow,120.43,83.26,-59.12
834,left_elbow,120.45,83.39,-58.9
835,left_elbow,120.58,83.38,-65.76
836,left_elbow,120.66,83.37,-68.19
837,left_elbow,121.01,83.51,-73.56
838,left_elbow,121.13,83.53,-71.09
839,left_elbow,121.23,83.49,-71.11
840,left_elbow,121.3,83.39,-74.63
841,left_elbow,121.49,83.55,-80.33
842,left_elbow,121.68,83.78,-83.64
843,left_elbow,121.78,83.95,-84.66
844,left_elbow,121.78,83.53,-86.68
845,left_elbow,121.78,83.24,-87.32
846,left_elbow,121.75,83.01,-85.68
847,left_elbow,121.75,83.02,-89.92
848,left_elbow,121.72,83.02,-90.67
849,left_elbow,121.82,83.06,-71.84
850,left_elbow,121.9,83.23,-68.93
851,left_elbow,121.95,83.32,-69.38
852,left_elbow,122.0,83.34,-70.21
853,left_elbow,122.06,83.36,-68.29
854,left_elbow,122.11,83.38,-67.7
855,left_elbow,122.15,83.41,-67.81
856,left_elbow,122.7,82.22,-79.61
857,left_elbow,122.98,81.68,-83.11
858,left_elbow,123.1,81.33,-86.06
859,left_elbow,123.36,81.12,-81.81
860,left_elbow,123.45,80.9,-77.23
861,left_elbow,123.47,80.8,-71.99
862,left_elbow,123.6,78.79,-59.07
863,left_elbow,123.69,77.96,-56.74
864,left_elbow,123.74,77.56,-56.01
865,left_elbow,123.96,75.98,-97.15
866,left_elbow,124.11,75.11,-97.54
867,left_elbow,124.21,74.81,-95.27
868,left_elbow,124.75,73.95,-105.09
869,left_elbow,124.85,73.1,-99.58
870,left_elbow,124.96,73.34,-106.61
871,left_elbow,127.72,74.55,-117.4
872,left_elbow,128.3,74.74,-115.47
873,left_elbow,128.42,75.09,-110.92
874,left_elbow,130.25,78.32,-119.23
875,left_elbow,130.67,79.22,-114.48
876,left_elbow,130.58,79.11,-115.84
877,left_elbow,131.06,78.68,-122.02
878,left_elbow,131.49,77.14,-122.67
879,left_elbow,131.74,76.34,-122.31
880,left_elbow,132.27,75.4,-137.0
881,left_elbow,132.25,75.37,-142.75
882,left_elbow,132.16,74.62,-143.72
883,left_elbow,132.27,73.67,-136.53
884,left_elbow,132.72,72.94,-141.13
885,left_elbow,133.16,72.51,-144.21
886,left_elbow,133.51,72.67,-172.01
887,left_elbow,133.77,72.92,-183.04
888,left_elbow,133.83,72.99,-183.04
889,left_elbow,134.36,73.6,-203.38
890,left_elbow,135.02,74.24,-199.5
891,left_elbow,135.38,76.95,-211.59
892,left_elbow,135.61,78.43,-185.08
893,left_elbow,135.76,78.84,-172.11
894,left_elbow,136.01,79.13,-169.96
895,left_elbow,136.83,78.98,-202.11
896,left_elbow,137.57,79.01,-191.98
897,left_elbow,138.16,79.9,-192.5
898,left_elbow,138.56,79.83,-170.38
899,left_elbow,138.81,79.72,-166.06
900,left_elbow,138.91,79.64,-163.43
901,left_elbow,138.82,77.03,-172.37
902,left_elbow,138.73,75.84,-172.72
903,left_elbow,138.68,75.2,-174.71
904,left_elbow,138.65,75.43,-155.46
905,left_elbow,138.6,75.74,-155.95
906,left_elbow,138.61,76.0,-160.74
907,left_elbow,138.72,76.02,-156.97
908,left_elbow,138.74,76.05,-155.44
909,left_elbow,138.74,76.25,-152.43
910,left_elbow,138.5,76.05,-151.71
911,left_elbow,137.9,77.64,-153.14
912,left_elbow,137.47,77.32,-154.24
913,left_elbow,137.47,71.93,-144.61
914,left_elbow,137.53,70.08,-134.6
915,left_elbow,137.59,69.22,-137.68
916,left_elbow,138.18,59.46,-81.34
917,left_elbow,138.63,57.19,-94.77
918,left_elbow,138.95,57.06,-101.25
919,left_elbow,139.81,49.84,-95.42
920,left_elbow,140.39,49.05,-92.63
921,left_elbow,140.8,48.69,-92.25
922,left_elbow,136.16,44.7,-40.64
923,left_elbow,134.81,44.12,-44.34
924,left_elbow,134.27,44.08,-50.86
925,left_elbow,131.45,39.92,-38.84
926,left_elbow,131.86,37.15,-43.26
927,left_elbow,132.17,36.24,-50.67
928,left_elbow,136.81,25.19,-74.0
929,left_elbow,138.84,22.03,-93.36
930,left_elbow,140.44,25.43,-75.77
931,left_elbow,135.06,28.45,-50.62
932,left_elbow,134.63,27.23,-32.68
933,left_elbow,134.56,26.02,-38.39
934,left_elbow,131.17,27.39,-42.61
935,left_elbow,129.81,28.04,-47.42
936,left_elbow,127.1,29.93,-36.81
937,left_elbow,126.78,32.76,-21.1
938,left_elbow,124.08,35.49,-16.05
939,left_elbow,125.01,35.58,-22.26
940,left_elbow,125.4,37.83,-28.56
941,left_elbow,125.44,39.05,-30.96
942,left_elbow,125.42,39.86,-32.35
943,left_elbow,117.61,56.27,-22.7
944,left_elbow,116.26,58.27,-20.42
945,left_elbow,118.19,54.0,-22.25
946,left_elbow,117.26,64.17,-6.15
947,left_elbow,117.39,65.32,-14.05
948,left_elbow,117.6,64.96,-14.67
949,left_elbow,117.32,70.12,14.05
950,left_elbow,116.85,72.61,0.16
951,left_elbow,117.01,73.82,-32.75
952,left_elbow,117.24,74.69,-31.89
953,left_elbow,117.43,74.96,-33.4
954,left_elbow,117.56,75.14,-33.09
955,left_elbow,118.36,77.81,-27.3
956,left_elbow,118.77,78.56,-23.64
957,left_elbow,119.03,79.15,-20.01
958,left_elbow,120.43,76.85,-20.25
959,left_elbow,120.5,76.5,-20.78
960,left_elbow,120.54,76.39,-20.16
961,left_elbow,122.02,75.88,-20.44
962,left_elbow,122.51,75.51,-20.04
963,left_elbow,122.64,75.31,-23.35
964,left_elbow,124.02,75.08,-13.27
965,left_elbow,124.58,74.95,-10.91
966,left_elbow,124.97,74.84,-10.49
967,left_elbow,126.07,74.64,-47.19
968,left_elbow,126.44,74.37,-46.41
969,left_elbow,126.51,74.21,-44.59
970,left_elbow,126.76,73.75,-38.78
971,left_elbow,126.88,73.43,-36.2
972,left_elbow,126.91,73.25,-35.6
973,left_elbow,126.81,70.96,-35.41
974,left_elbow,126.74,69.78,-33.14
975,left_elbow,126.41,69.51,-32.96
976,left_elbow,126.53,70.36,-51.04
977,left_elbow,126.54,70.77,-52.59
978,left_elbow,126.54,71.1,-53.21
979,left_elbow,126.86,71.39,-111.82
980,left_elbow,126.97,71.48,-121.07
981,left_elbow,127.16,71.54,-108.94
982,left_elbow,125.39,72.07,-67.33
983,left_elbow,124.7,72.47,-59.03
984,left_elbow,124.38,72.75,-58.98
985,left_elbow,124.4,70.72,-77.1
986,left_elbow,124.14,70.11,-77.18
987,left_elbow,124.73,68.9,-82.23
988,left_elbow,124.74,68.91,-66.17
989,left_elbow,124.77,68.88,-79.18
990,left_elbow,124.78,68.88,-89.7
991,left_elbow,125.52,69.46,-91.03
992,left_elbow,125.87,69.65,-90.22
993,left_elbow,126.19,69.73,-93.23
994,left_elbow,127.14,73.7,-114.42
995,left_elbow,127.65,75.06,-118.6
996,left_elbow,127.93,75.71,-121.12
997,left_elbow,127.88,74.09,-54.49
998,left_elbow,127.61,70.79,-50.1
999,left_elbow,127.41,69.37,-48.51
1000,left_elbow,129.06,65.8,-142.0
1001,left_elbow,129.79,64.33,-126.8
1002,left_elbow,129.81,64.04,-117.08
1003,left_elbow,127.82,62.69,-72.76
1004,left_elbow,126.91,62.02,-67.34
1005,left_elbow,126.44,61.77,-67.87
1006,left_elbow,126.47,67.26,-118.65
1007,left_elbow,126.5,69.19,-122.66
1008,left_elbow,126.52,69.97,-118.69
1009,left_elbow,125.4,69.83,-76.5
1010,left_elbow,124.66,69.77,-68.62
1011,left_elbow,124.36,69.67,-71.41
1012,left_elbow,124.32,70.51,-74.6
1013,left_elbow,124.27,70.86,-65.98
1014,left_elbow,124.31,71.03,-67.15
1015,left_elbow,124.07,70.28,-25.68
1016,left_elbow,123.65,69.97,-17.86
1017,left_elbow,123.55,69.92,-21.29
1018,left_elbow,123.94,71.11,-82.95
1019,left_elbow,124.3,71.69,-80.1
1020,left_elbow,124.82,72.02,-79.39
1021,left_elbow,125.69,71.91,-75.37
1022,left_elbow,126.24,71.89,-69.08
1023,left_elbow,126.39,72.59,-63.27
1024,left_elbow,126.26,73.11,-111.49
1025,left_elbow,126.22,73.56,-111.57
1026,left_elbow,126.19,73.94,-105.39
1027,left_elbow,125.14,74.78,-99.57
1028,left_elbow,124.99,75.91,-100.94
1029,left_elbow,125.0,75.95,-104.28
1030,left_elbow,124.7,76.07,-81.31
1031,left_elbow,124.55,76.12,-81.26
1032,left_elbow,124.45,76.04,-79.8
1033,left_elbow,124.46,75.98,-90.62
1034,left_elbow,124.47,75.95,-100.15
1035,left_elbow,124.48,75.91,-98.06
1036,left_elbow,124.7,76.44,-73.91
1037,left_elbow,124.78,76.86,-68.52
1038,left_elbow,124.8,77.49,-54.0
1039,left_elbow,124.72,77.41,-84.64
1040,left_elbow,124.51,77.38,-90.46
1041,left_elbow,124.36,77.23,-93.34
1042,left_elbow,124.37,76.6,-92.03
1043,left_elbow,124.37,76.06,-90.51
1044,left_elbow,124.37,75.63,-79.17
1045,left_elbow,124.04,75.36,-111.28
1046,left_elbow,123.87,73.24,-100.29
1047,left_elbow,123.67,71.97,-94.73
1048,left_elbow,122.19,68.21,-43.37
1049,left_elbow,121.74,66.97,-40.72
1050,left_elbow,121.56,66.66,-53.79
1051,left_elbow,121.63,67.32,-33.69
1052,left_elbow,121.71,67.63,-28.59
1053,left_elbow,121.77,67.85,-31.75
1054,left_elbow,121.15,65.9,-62.37
1055,left_elbow,121.23,66.04,-93.11
1056,left_elbow,121.26,66.2,-103.87
1057,left_elbow,121.22,64.89,-21.7
1058,left_elbow,121.09,62.91,-11.36
1059,left_elbow,121.09,63.23,-10.98
1060,left_elbow,121.11,64.79,1.4
1061,left_elbow,121.13,65.66,0.82
1062,left_elbow,121.14,66.33,0.01
1063,left_elbow,121.23,66.26,-12.26
1064,left_elbow,121.31,66.21,-14.39
1065,left_elbow,121.35,66.19,-15.33
1066,left_elbow,122.26,66.2,-49.3
1067,left_elbow,122.43,66.24,-42.25
1068,left_elbow,122.9,66.25,-41.04
1069,left_elbow,122.34,65.44,-28.24
1070,left_elbow,122.35,64.68,-28.37
1071,left_elbow,121.86,64.43,-23.27
1072,left_elbow,121.06,64.47,6.28
1073,left_elbow,120.41,64.5,10.74
1074,left_elbow,120.07,64.52,11.69
1075,left_elbow,119.76,66.52,11.39
1076,left_elbow,119.48,66.52,10.38
1077,left_elbow,119.36,66.53,5.37
1078,left_elbow,122.05,67.78,-104.02
1079,left_elbow,123.2,68.44,-109.12
1080,left_elbow,123.9,68.66,-115.14
1081,left_elbow,124.74,70.13,-85.12
1082,left_elbow,125.01,70.86,-84.27
1083,left_elbow,125.14,71.27,-88.16
1084,left_elbow,124.98,71.04,-105.54
1085,left_elbow,124.86,70.75,-120.97
1086,left_elbow,124.8,70.4,-122.85
1087,left_elbow,124.77,74.2,-104.13
1088,left_elbow,124.66,75.24,-90.07
1089,left_elbow,124.63,75.14,-75.86
1090,left_elbow,124.42,73.12,-63.29
1091,left_elbow,124.36,72.81,-71.4
1092,left_elbow,124.31,72.65,-74.42
1093,left_elbow,123.24,72.79,-51.27
1094,left_elbow,122.7,73.33,-75.44
1095,left_elbow,122.5,73.4,-73.72
1096,left_elbow,121.96,73.34,-32.13
1097,left_elbow,121.25,73.27,-25.0
1098,left_elbow,120.78,73.17,-33.08
1099,left_elbow,120.44,72.84,-82.97
1100,left_elbow,120.51,73.09,-95.11
1101,left_elbow,120.43,74.75,-88.9
1102,left_elbow,119.55,75.25,-53.73
1103,left_elbow,119.1,76.54,-58.53
1104,left_elbow,119.09,77.49,-68.04
1105,left_elbow,118.3,77.34,-27.79
1106,left_elbow,117.97,77.11,-21.66
1107,left_elbow,117.87,77.06,-32.75
1108,left_elbow,117.96,76.95,-60.64
1109,left_elbow,117.96,76.99,-58.97
1110,left_elbow,118.01,77.49,-75.68
1111,left_elbow,118.04,76.94,-92.3
1112,left_elbow,118.07,76.65,-93.63
1113,left_elbow,118.09,76.42,-97.07
1114,left_elbow,118.09,76.24,-86.96
1115,left_elbow,118.09,76.13,-85.71
1116,left_elbow,118.1,76.09,-86.25
1117,left_elbow,118.5,76.61,-78.15
1118,left_elbow,118.77,76.87,-75.33
1119,left_elbow,118.92,77.04,-74.94
1120,left_elbow,118.55,76.6,-71.32
1121,left_elbow,118.34,76.32,-71.61
1122,left_elbow,118.19,76.08,-71.87
1123,left_elbow,118.1,75.74,-72.12
1124,left_elbow,117.99,75.48,-84.15
1125,left_elbow,117.94,75.2,-82.43
1126,left_elbow,117.98,75.67,-96.97
1127,left_elbow,118.04,75.92,-100.25
1128,left_elbow,118.08,76.1,-98.41
1129,left_elbow,117.77,75.61,-43.36
1130,left_elbow,117.6,75.4,-42.56
1131,left_elbow,117.47,75.2,-43.54
1132,left_elbow,117.47,75.15,-100.04
1133,left_elbow,117.48,75.07,-103.19
1134,left_elbow,117.48,74.98,-103.32
1135,left_elbow,117.37,74.55,-98.21
1136,left_elbow,117.31,74.37,-93.4
1137,left_elbow,117.23,74.28,-91.59
1138,left_elbow,116.95,74.26,-89.68
1139,left_elbow,116.82,74.58,-84.86
1140,left_elbow,116.73,74.68,-76.66
1141,left_elbow,116.06,73.91,-68.82
1142,left_elbow,115.78,73.63,-70.34
1143,left_elbow,115.79,72.58,-58.23
1144,left_elbow,115.74,73.09,-72.84
1145,left_elbow,115.69,73.29,-71.42
1146,left_elbow,115.7,73.6,-85.56
1147,left_elbow,115.47,73.05,-53.19
1148,left_elbow,115.37,72.8,-52.44
1149,left_elbow,114.86,72.9,-37.04
1150,left_elbow,114.88,72.91,-35.16
1151,left_elbow,114.89,72.94,-33.34
1152,left_elbow,114.9,72.98,-37.12
1153,left_elbow,114.85,74.13,-38.32
1154,left_elbow,114.82,74.75,-40.12
1155,left_elbow,114.8,75.31,-37.79
1156,left_elbow,114.63,75.28,-81.03
1157,left_elbow,114.54,75.26,-79.76
1158,left_elbow,114.53,75.6,-79.44
1159,left_elbow,114.55,75.84,-77.17
1160,left_elbow,114.6,76.73,-81.73
1161,left_elbow,114.61,77.2,-83.26
1162,left_elbow,114.66,77.5,-82.03
1163,left_elbow,114.68,77.74,-78.96
1164,left_elbow,114.68,77.85,-77.24
1165,left_elbow,115.22,77.49,-70.72
1166,left_elbow,115.54,77.16,-68.72
1167,left_elbow,115.69,76.9,-64.9
1168,left_elbow,115.65,77.58,-92.45
1169,left_elbow,115.61,77.87,-96.55
1170,left_elbow,115.54,77.89,-98.25
1171,left_elbow,115.36,77.16,-91.03
1172,left_elbow,115.23,76.63,-90.2
1173,left_elbow,115.16,76.37,-87.91
1174,left_elbow,115.16,76.26,-85.29
1175,left_elbow,115.18,76.25,-84.82
1176,left_elbow,115.19,76.24,-84.55
1177,left_elbow,115.19,76.33,-92.79
1178,left_elbow,115.19,76.38,-93.41
1179,left_elbow,115.19,76.41,-96.85
1180,left_elbow,115.49,76.53,-94.74
1181,left_elbow,115.65,76.62,-93.19
1182,left_elbow,115.73,76.67,-92.72
1183,left_elbow,115.65,76.5,-75.14
1184,left_elbow,115.56,76.4,-77.66
1185,left_elbow,115.5,76.31,-79.62
1186,left_elbow,115.51,73.93,-77.1
1187,left_elbow,115.5,72.79,-72.98
1188,left_elbow,115.57,72.88,-81.08
1189,left_elbow,115.88,71.09,-84.68
1190,left_elbow,116.28,70.53,-84.49
1191,left_elbow,116.4,70.21,-83.57
1192,left_elbow,117.04,71.01,-80.49
1193,left_elbow,117.3,71.49,-80.01
1194,left_elbow,117.47,71.79,-79.44
1195,left_elbow,117.87,72.47,-74.62
1196,left_elbow,118.06,72.79,-71.02
1197,left_elbow,118.12,72.86,-69.93
1198,left_elbow,119.49,72.82,-95.39
1199,left_elbow,120.22,72.72,-110.64
1200,left_elbow,120.72,72.68,-119.08
1201,left_elbow,121.4,72.69,-106.71
1202,left_elbow,121.53,72.79,-101.38
1203,left_elbow,121.67,73.16,-99.35
1204,left_elbow,121.73,73.3,-112.72
1205,left_elbow,121.73,73.35,-106.96
1206,left_elbow,121.69,72.42,-105.79
1207,left_elbow,123.34,71.06,-104.5
1208,left_elbow,124.02,70.96,-115.41
1209,left_elbow,124.33,70.94,-131.74
1210,left_elbow,125.39,70.82,-121.12
1211,left_elbow,125.88,70.2,-137.01
1212,left_elbow,126.0,70.17,-128.24
1213,left_elbow,125.79,68.78,-134.38
1214,left_elbow,125.72,68.6,-128.57
1215,left_elbow,125.68,68.26,-136.06
1216,left_elbow,125.61,67.69,-135.13
1217,left_elbow,125.55,67.42,-125.96
1218,left_elbow,125.51,67.19,-125.82
1219,left_elbow,125.48,67.2,-137.78
1220,left_elbow,125.27,67.31,-132.75
1221,left_elbow,125.25,67.47,-124.12
1222,left_elbow,125.22,67.47,-146.98
1223,left_elbow,124.98,67.67,-141.95
1224,left_elbow,125.01,67.68,-137.16
1225,left_elbow,123.5,65.17,-135.49
1226,left_elbow,122.88,64.19,-121.45
1227,left_elbow,122.68,63.69,-110.06
1228,left_elbow,122.44,59.53,-94.53
1229,left_elbow,122.4,58.35,-85.54
1230,left_elbow,122.43,58.08,-63.94
1231,left_elbow,121.33,54.75,-46.98
1232,left_elbow,121.43,51.07,-45.65
1233,left_elbow,121.47,51.23,-56.87
1234,left_elbow,116.74,52.62,-35.37
1235,left_elbow,115.33,53.39,-35.38
1236,left_elbow,114.85,53.79,-33.32
1237,left_elbow,114.75,54.0,-7.01
1238,left_elbow,114.63,54.18,-6.55
1239,left_elbow,114.51,54.37,-5.82
1240,left_elbow,114.61,54.41,-3.48
1241,left_elbow,114.68,54.43,-8.53
1242,left_elbow,114.76,54.44,-7.25
1243,left_elbow,111.77,55.45,-5.68
1244,left_elbow,110.79,56.01,-5.86
1245,left_elbow,110.36,56.42,-3.19
1246,left_elbow,110.61,56.86,-5.29
1247,left_elbow,110.73,57.08,-3.87
1248,left_elbow,110.8,57.27,-2.89
1249,left_elbow,110.78,57.28,4.13
1250,left_elbow,110.42,57.29,11.82
1251,left_elbow,110.08,57.32,12.56
1252,left_elbow,110.11,57.36,7.8
1253,left_elbow,110.12,57.44,6.21
1254,left_elbow,110.17,57.49,6.0
1255,left_elbow,109.84,56.11,8.1
1256,left_elbow,109.66,55.5,6.67
1257,left_elbow,109.49,55.21,3.38
1258,left_elbow,117.67,55.4,-18.52
1259,left_elbow,119.18,55.55,-31.78
1260,left_elbow,119.27,54.95,-34.26
1261,left_elbow,119.48,52.46,-45.42
1262,left_elbow,119.55,51.61,-48.96
1263,left_elbow,119.6,51.34,-46.94
1264,left_elbow,126.67,45.02,-62.5
1265,left_elbow,126.7,38.35,-56.95
1266,left_elbow,126.64,36.85,-54.35
1267,left_elbow,129.1,40.29,-90.0
1268,left_elbow,129.09,43.66,-90.9
1269,left_elbow,128.73,45.92,-81.43
1270,left_elbow,129.54,47.22,-86.84
1271,left_elbow,129.14,48.65,-109.39
1272,left_elbow,128.89,50.83,-109.39
1273,left_elbow,126.16,50.91,-67.81
1274,left_elbow,124.94,51.07,-67.06
1275,left_elbow,124.35,51.25,-69.06
1276,left_elbow,129.69,50.36,-98.64
1277,left_elbow,131.8,49.71,-92.08
1278,left_elbow,131.33,50.09,-99.3
1279,left_elbow,131.25,48.81,-91.7
1280,left_elbow,131.05,47.84,-72.58
1281,left_elbow,130.78,47.3,-70.2
1282,left_elbow,124.15,51.31,-72.32
1283,left_elbow,124.33,51.34,-74.09
1284,left_elbow,124.34,51.29,-80.86
1285,left_elbow,124.5,51.43,-77.12
1286,left_elbow,126.14,50.9,-84.58
1287,left_elbow,128.07,47.5,-84.12
1288,left_elbow,128.07,49.75,-68.34
1289,left_elbow,130.36,50.12,-68.83
1290,left_elbow,130.24,56.1,-58.43
1291,left_elbow,124.96,55.8,-59.2
1292,left_elbow,123.34,55.61,-57.68
1293,left_elbow,122.95,55.48,-58.58
1294,left_elbow,122.4,55.25,-66.03
1295,left_elbow,122.17,55.19,-66.2
1296,left_elbow,122.06,55.11,-64.37
1297,left_elbow,122.28,53.44,-45.74
1298,left_elbow,122.43,52.71,-43.68
1299,left_elbow,122.53,52.21,-46.56
1300,left_elbow,122.61,49.87,-37.72
1301,left_elbow,122.67,48.86,-33.42
1302,left_elbow,120.72,50.75,-28.87
1303,left_elbow,120.94,52.68,-32.69
1304,left_elbow,121.08,54.19,-40.21
1305,left_elbow,121.19,54.68,-46.95
1306,left_elbow,121.21,54.44,-49.96
1307,left_elbow,120.99,54.96,-49.75
1308,left_elbow,121.29,55.4,-38.5
1309,left_elbow,120.24,56.43,-63.22
1310,left_elbow,120.18,57.59,-76.85
1311,left_elbow,119.99,57.73,-112.06
1312,left_elbow,120.05,65.08,-98.91
1313,left_elbow,120.11,65.37,-98.44
1314,left_elbow,120.08,65.78,-102.85
1315,left_elbow,120.07,65.93,-92.57
1316,left_elbow,120.69,65.62,-98.24
1317,left_elbow,121.12,66.51,-92.91
1318,left_elbow,121.1,73.4,-98.72
1319,left_elbow,121.45,73.81,-93.42
1320,left_elbow,121.72,72.22,-93.26
1321,left_elbow,122.08,71.32,-88.2
1322,left_elbow,122.44,70.81,-94.61
1323,left_elbow,122.55,70.47,-98.55
1324,left_elbow,122.47,73.07,-99.73
1325,left_elbow,122.27,73.68,-102.27
1326,left_elbow,122.13,74.39,-105.84
1327,left_elbow,120.91,75.08,-32.67
1328,left_elbow,120.34,75.74,-33.53
1329,left_elbow,120.07,75.83,-39.56
1330,left_elbow,119.96,75.95,-46.37
1331,left_elbow,119.35,77.81,-79.2
1332,left_elbow,119.07,78.73,-86.11
1333,left_elbow,118.78,80.7,-114.94
1334,left_elbow,118.76,81.78,-118.25
1335,left_elbow,118.77,82.85,-118.11
1336,left_elbow,116.58,85.64,-109.04
1337,left_elbow,115.85,86.75,-105.96
1338,left_elbow,115.43,87.22,-105.6
1339,left_elbow,116.39,87.4,-109.29
1340,left_elbow,117.46,87.9,-94.96
1341,left_elbow,118.91,88.73,-95.61
1342,left_elbow,117.32,91.07,-71.01
1343,left_elbow,116.58,92.05,-72.92
1344,left_elbow,116.14,92.51,-66.92
1345,left_elbow,115.09,93.29,-43.44
1346,left_elbow,114.47,93.62,-35.82
1347,left_elbow,114.18,93.63,-22.42
1348,left_elbow,112.17,93.23,-13.65
1349,left_elbow,111.41,92.97,-11.82
1350,left_elbow,111.09,92.77,-13.03
1351,left_elbow,110.94,92.63,-11.55
1352,left_elbow,111.18,92.55,-34.56
1353,left_elbow,111.31,92.51,-41.06
1354,left_elbow,110.97,92.87,-40.52
1355,left_elbow,110.68,93.13,-40.41
1356,left_elbow,110.5,93.16,-41.08
1357,left_elbow,110.52,93.4,-43.68
1358,left_elbow,110.61,93.4,-43.0
1359,left_elbow,110.68,93.38,-45.81
1360,left_elbow,110.72,93.23,-45.14
1361,left_elbow,110.75,93.22,-45.18
1362,left_elbow,110.77,93.21,-42.96
1363,left_elbow,110.83,93.26,-33.0
1364,left_elbow,110.86,93.28,-32.92
1365,left_elbow,110.88,93.29,-32.22
1366,left_elbow,110.89,93.46,-27.16
1367,left_elbow,110.9,93.63,-25.8
1368,left_elbow,110.9,93.78,-25.13
1369,left_elbow,110.91,93.93,-30.41
1370,left_elbow,110.93,94.06,-33.96
1371,left_elbow,110.94,94.15,-35.07
1372,left_elbow,110.94,94.21,-35.79
1373,left_elbow,111.2,94.46,-25.21
1374,left_elbow,111.31,94.58,-23.25
1375,left_elbow,111.4,94.67,-29.65
1376,left_elbow,111.47,94.71,-32.89
1377,left_elbow,111.52,94.74,-33.82
1378,left_elbow,111.53,94.76,-38.3
1379,left_elbow,111.53,94.77,-43.06
1380,left_elbow,111.53,94.79,-42.55
1381,left_elbow,111.6,95.24,-48.54
1382,left_elbow,111.64,95.24,-45.29
1383,left_elbow,111.68,95.25,-43.85
1384,left_elbow,111.69,95.41,-44.42
1385,left_elbow,111.7,95.5,-45.57
1386,left_elbow,111.71,95.59,-46.42
1387,left_elbow,111.92,95.74,-56.37
1388,left_elbow,112.07,95.85,-57.13
1389,left_elbow,112.18,95.94,-58.11
1390,left_elbow,112.1,95.72,-55.42
1391,left_elbow,112.15,95.74,-72.34
